,Title,Normalized Title,Occurrences
0,Dune,dune,2306
1,1984,1984,2229
2,The Hunger Games,hungergames,1176
3,Infinite jest,infinitejest,1045
4,The Hobbit,hobbit,999
5,Catcher in the Rye,catcherintherye,882
6,Brave New World,bravenewworld,866
7,Ender's Game,endersgame,788
8,The Great Gatsby,greatgatsby,778
9,Crime and Punishment,crimeandpunishment,742
10,House of Leaves,houseofleaves,719
11,The Count of Monte Cristo,countofmontecristo,709
12,To Kill a Mockingbird,tokillamockingbird,708
13,East of Eden,eastofeden,708
14,Catch-22,catch22,684
15,A Song of Ice and Fire,songoficeandfire,626
16,Fahrenheit 451,fahrenheit451,613
17,Brothers Karamazov,brotherskaramazov,602
18,Ready Player One,readyplayerone,591
19,The dark tower,darktower,584
20,The hitchhiker's guide to the galaxy,hitchhikersguidetothegalaxy,546
21,Animal Farm,animalfarm,538
22,Pride and Prejudice,prideandprejudice,523
23,American Gods,americangods,522
24,Slaughterhouse-Five,slaughterhousefive,500
25,The Odyssey,odyssey,495
26,American Psycho,americanpsycho,490
27,Dark Towers,darktowers,483
28,The Name of the Wind,nameofthewind,459
29,Atlas Shrugged,atlasshrugged,454
30,Misery,misery,447
31,A Little Life,littlelife,438
32,The Alchemist,alchemist,428
33,The Handmaid's Tale,handmaidstale,416
34,The Witcher,witcher,403
35,11/22/63,112263,403
36,Gravity's Rainbow,gravitysrainbow,389
37,Fight club,fightclub,388
38,50 Shades of Grey,50shadesofgrey,387
39,Lord of the Flies,lordoftheflies,377
40,The magician,magician,366
41,The Grapes of Wrath,grapesofwrath,356
42,Neuromancer,neuromancer,350
43,Kafka on the Shore,kafkaontheshore,347
44,Wuthering Heights,wutheringheights,337
45,Flowers for Algernon,flowersforalgernon,336
46,Gone Girl,gonegirl,336
47,The secret history,secrethistory,335
48,1Q84,1q84,333
49,Gunslinger,gunslinger,329
50,A Clockwork Orange,clockworkorange,324
51,Of Mice and Men,ofmiceandmen,321
52,Norwegian wood,norwegianwood,319
53,Cat's Cradle,catscradle,312
54,Jurassic Park,jurassicpark,308
55,Captivate,captivate,307
56,Divergent,divergent,298
57,One Hundred Years of Solitude,onehundredyearsofsolitude,296
58,The inferno,inferno,290
59,The Stormlight Archive,stormlightarchive,287
60,His Dark Materials,hisdarkmaterials,280
61,Cloud Atlas,cloudatlas,279
62,Flashback,flashback,278
63,Les Mis√©rables,lesmiserables,276
64,The Way of Kings,wayofkings,265
65,The Book Thief,bookthief,262
66,World War Z,worldwarz,258
67,The old man and the sea,oldmanandthesea,253
68,Project Hail Mary,projecthailmary,247
69,Kite Runner,kiterunner,246
70,The Picture of Dorian Gray,pictureofdoriangray,245
71,Heart of Darkness,heartofdarkness,243
72,Red Rising,redrising,242
73,The Goldfinch,goldfinch,237
74,Salem's Lot,salemslot,236
75,Never let me go,neverletmego,234
76,The Silmarillion,silmarillion,232
77,The Song of Achilles,songofachilles,230
78,The Fountainhead,fountainhead,226
79,Snow Crash,snowcrash,222
80,And Then There Were None,andthentherewerenone,221
81,Do Androids Dream of Electric Sheep?,doandroidsdreamofelectricsheep,219
82,Normal People,normalpeople,215
83,Good Omens,goodomens,215
84,The Bell Jar,belljar,214
85,The Fault in Our Stars,faultinourstars,209
86,Wind-Up Bird Chronicle,windupbirdchronicle,208
87,Watership Down,watershipdown,205
88,Girl With the Dragon Tattoo,girlwiththedragontattoo,204
89,Little Women,littlewomen,204
90,The Maze Runner,mazerunner,203
91,The Divine Comedy,divinecomedy,202
92,The Little Prince,littleprince,199
93,The Godfather,godfather,199
94,The Human Condition,humancondition,195
95,A Tale of Two Cities,taleoftwocities,191
96,The Sound and the Fury,soundandthefury,189
97,For Whom the Bell Tolls,forwhomthebelltolls,188
98,The haunting of Hill House,hauntingofhillhouse,188
99,A Farewell to Arms,farewelltoarms,187
